sale_id,store_id,product_id,sale_date,quantity,total_amount
1,5,106,2024-06-01,18,900.0
2,3,104,2024-12-09,16,4000.0
3,1,101,2024-09-07,5,2750.0
4,1,110,2025-05-22,5,350.0
5,3,103,2025-01-29,3,540.0
6,2,106,2024-02-07,9,450.0
7,1,103,2024-12-14,17,3060.0
8,5,105,2025-05-06,14,6300.0
9,4,108,2024-01-26,3,750.0
10,4,103,2025-05-13,12,2160.0
11,3,104,2024-07-10,20,5000.0
12,1,104,2024-02-24,16,4000.0
13,1,110,2025-01-02,4,280.0
14,1,103,2024-05-22,8,1440.0
15,4,109,2025-07-13,19,760.0
16,1,105,2025-02-02,13,5850.0
17,1,107,2025-08-16,19,2280.0
18,2,105,2025-03-07,1,450.0
19,2,108,2024-12-07,1,250.0
20,1,109,2024-10-01,3,120.0
21,1,110,2025-05-13,12,840.0
22,3,105,2024-01-15,2,900.0
23,4,108,2024-03-20,19,4750.0
24,4,105,2025-02-23,4,1800.0
25,4,105,2025-07-25,12,5400.0
26,5,101,2024-11-24,3,1650.0
27,2,109,2024-01-22,13,520.0
28,2,102,2024-03-21,12,3600.0
29,1,109,2025-07-11,14,560.0
30,5,109,2024-12-09,14,560.0
31,1,108,2024-08-01,1,250.0
32,2,102,2024-07-29,6,1800.0
33,3,109,2025-06-06,12,480.0
34,5,109,2024-07-07,3,120.0
35,3,103,2024-11-14,15,2700.0
36,2,105,2024-10-20,2,900.0
37,5,110,2024-10-25,16,1120.0
38,1,108,2024-02-24,6,1500.0
39,2,104,2024-03-04,15,3750.0
40,3,105,2024-07-31,6,2700.0
41,3,101,2025-06-26,2,1100.0
42,1,107,2024-06-10,6,720.0
43,4,101,2025-05-31,17,9350.0
44,1,105,2025-01-08,13,5850.0
45,1,101,2025-07-19,18,9900.0
46,3,102,2025-01-27,6,1800.0
47,4,103,2024-10-22,9,1620.0
48,5,108,2024-08-21,4,1000.0
49,4,108,2024-10-31,5,1250.0
50,4,110,2024-12-14,10,700.0
51,2,101,2024-11-15,8,4400.0
52,5,108,2024-02-03,13,3250.0
53,1,106,2024-03-31,5,250.0
54,5,101,2024-04-12,16,8800.0
55,4,101,2024-03-06,10,5500.0
56,4,107,2024-10-23,12,1440.0
57,2,109,2024-05-24,19,760.0
58,1,106,2024-08-06,1,50.0
59,1,102,2024-07-14,11,3300.0
60,5,103,2024-09-11,9,1620.0
61,2,106,2024-05-02,19,950.0
62,1,110,2024-06-13,9,630.0
63,5,107,2024-11-02,15,1800.0
64,5,106,2024-12-27,8,400.0
65,4,109,2024-09-10,10,400.0
66,5,105,2024-04-27,2,900.0
67,1,108,2025-06-30,10,2500.0
68,5,108,2025-05-16,13,3250.0
69,3,106,2024-06-14,18,900.0
70,2,109,2025-04-11,3,120.0
71,1,107,2024-09-26,6,720.0
72,2,107,2025-07-28,10,1200.0
73,5,104,2025-05-04,9,2250.0
74,2,103,2025-05-20,1,180.0
75,5,105,2024-06-04,3,1350.0
76,3,103,2025-05-08,7,1260.0
77,5,106,2024-06-22,13,650.0
78,4,102,2024-10-26,17,5100.0
79,1,104,2024-08-02,7,1750.0
80,2,103,2024-08-08,17,3060.0
81,5,110,2025-01-17,2,140.0
82,2,104,2024-02-01,9,2250.0
83,3,105,2025-02-02,14,6300.0
84,5,109,2024-12-25,8,320.0
85,4,104,2025-04-11,4,1000.0
86,1,110,2024-09-29,14,980.0
87,3,105,2024-03-16,6,2700.0
88,3,107,2024-04-12,5,600.0
89,5,103,2024-12-08,13,2340.0
90,3,102,2024-02-28,17,5100.0
91,1,109,2025-03-20,4,160.0
92,2,104,2024-04-24,12,3000.0
93,4,102,2025-04-01,1,300.0
94,5,104,2024-07-12,18,4500.0
95,3,102,2024-06-27,17,5100.0
96,1,106,2025-01-13,7,350.0
97,2,103,2024-12-22,10,1800.0
98,4,107,2025-03-29,13,1560.0
99,1,109,2025-02-24,9,360.0
100,1,108,2024-12-31,1,250.0
101,1,104,2024-11-14,15,3750.0
102,5,108,2025-04-08,16,4000.0
103,2,104,2024-07-27,4,1000.0
104,3,107,2024-03-23,20,2400.0
105,4,109,2025-03-28,19,760.0
106,2,102,2024-09-30,19,5700.0
107,1,101,2024-06-02,4,2200.0
108,2,101,2025-07-19,3,1650.0
109,3,108,2024-01-16,1,250.0
110,2,110,2024-09-21,7,490.0
111,3,108,2025-06-03,8,2000.0
112,4,109,2024-01-10,14,560.0
113,5,105,2024-03-08,8,3600.0
114,5,105,2024-01-14,5,2250.0
115,3,105,2024-04-08,2,900.0
116,4,103,2025-06-30,9,1620.0
117,5,102,2025-02-26,1,300.0
118,3,105,2025-05-01,19,8550.0
119,5,102,2024-09-04,15,4500.0
120,4,104,2024-03-06,19,4750.0
121,2,101,2024-05-04,6,3300.0
122,4,108,2025-05-15,17,4250.0
123,5,101,2025-03-11,11,6050.0
124,4,105,2024-02-22,12,5400.0
125,1,110,2024-04-10,9,630.0
126,1,101,2024-03-04,15,8250.0
127,4,107,2025-08-03,4,480.0
128,4,103,2024-07-07,12,2160.0
129,4,107,2024-09-14,9,1080.0
130,2,103,2024-11-30,14,2520.0
131,2,106,2025-06-01,4,200.0
132,2,110,2024-09-28,4,280.0
133,1,105,2025-08-05,18,8100.0
134,1,107,2024-05-05,1,120.0
135,5,102,2025-02-19,5,1500.0
136,2,103,2025-01-31,8,1440.0
137,4,106,2024-09-21,3,150.0
138,3,105,2025-04-29,15,6750.0
139,1,106,2024-02-09,4,200.0
140,2,101,2024-12-07,3,1650.0
141,4,107,2025-08-13,18,2160.0
142,3,109,2025-07-22,8,320.0
143,4,109,2024-06-26,5,200.0
144,5,103,2024-02-01,11,1980.0
145,1,107,2024-06-09,6,720.0
146,2,101,2024-04-05,17,9350.0
147,3,109,2024-07-20,20,800.0
148,1,102,2025-05-29,16,4800.0
149,3,104,2024-05-18,17,4250.0
150,4,103,2024-11-16,3,540.0
151,5,101,2024-09-17,10,5500.0
152,1,102,2025-08-19,14,4200.0
153,3,110,2025-05-18,18,1260.0
154,3,104,2025-08-19,4,1000.0
155,5,103,2024-01-29,2,360.0
156,2,106,2024-06-18,20,1000.0
157,2,101,2024-10-05,20,11000.0
158,2,101,2025-04-29,1,550.0
159,2,107,2025-02-13,18,2160.0
160,4,108,2025-08-03,15,3750.0
161,5,105,2024-10-13,11,4950.0
162,2,109,2024-03-13,9,360.0
163,2,105,2025-05-04,17,7650.0
164,5,108,2024-12-06,1,250.0
165,2,105,2024-04-15,19,8550.0
166,3,106,2024-07-28,13,650.0
167,2,105,2024-09-04,2,900.0
168,2,103,2024-06-16,11,1980.0
169,2,108,2024-02-09,13,3250.0
170,3,108,2024-02-21,2,500.0
171,2,104,2025-04-30,8,2000.0
172,2,107,2024-02-16,10,1200.0
173,4,107,2024-01-08,12,1440.0
174,3,103,2025-03-31,6,1080.0
175,3,106,2024-02-24,20,1000.0
176,1,102,2024-01-17,8,2400.0
177,4,108,2025-03-14,13,3250.0
178,3,109,2024-04-06,6,240.0
179,1,103,2025-02-14,10,1800.0
180,4,103,2024-06-01,19,3420.0
181,1,107,2024-12-18,9,1080.0
182,4,108,2024-04-22,15,3750.0
183,1,101,2024-02-19,3,1650.0
184,3,102,2024-09-21,1,300.0
185,3,102,2024-02-13,14,4200.0
186,1,104,2024-01-03,15,3750.0
187,4,110,2024-04-15,2,140.0
188,4,110,2024-08-03,14,980.0
189,3,102,2024-09-24,3,900.0
190,4,110,2024-04-20,20,1400.0
191,5,106,2025-07-05,11,550.0
192,2,103,2024-11-09,2,360.0
193,3,105,2024-01-04,12,5400.0
194,4,108,2025-01-19,12,3000.0
195,5,104,2025-01-09,13,3250.0
196,2,109,2024-06-05,8,320.0
197,3,108,2025-04-18,19,4750.0
198,4,104,2024-12-28,11,2750.0
199,1,107,2024-03-16,5,600.0
200,3,109,2024-04-26,20,800.0
201,4,104,2024-05-02,17,4250.0
202,4,101,2024-09-02,3,1650.0
203,1,109,2025-06-25,5,200.0
204,2,107,2024-08-16,18,2160.0
205,1,107,2025-04-30,16,1920.0
206,4,108,2024-03-28,2,500.0
207,1,109,2024-06-26,8,320.0
208,5,103,2025-05-09,5,900.0
209,1,109,2025-07-12,11,440.0
210,1,109,2024-06-08,10,400.0
211,5,107,2024-01-26,3,360.0
212,5,101,2025-05-16,7,3850.0
213,3,108,2025-03-18,7,1750.0
214,4,110,2024-12-04,5,350.0
215,1,103,2025-01-25,1,180.0
216,2,110,2025-07-27,18,1260.0
217,1,104,2024-08-07,13,3250.0
218,2,109,2024-01-09,1,40.0
219,3,101,2024-02-04,15,8250.0
220,3,102,2024-10-09,5,1500.0
221,3,107,2024-03-26,20,2400.0
222,3,101,2025-07-04,19,10450.0
223,4,101,2024-09-11,1,550.0
224,3,102,2025-05-27,5,1500.0
225,5,107,2024-06-13,8,960.0
226,4,109,2025-04-06,16,640.0
227,4,102,2024-11-30,3,900.0
228,2,103,2025-04-14,16,2880.0
229,1,101,2025-04-06,3,1650.0
230,1,106,2024-02-26,1,50.0
231,5,106,2024-12-12,16,800.0
232,3,107,2024-03-09,16,1920.0
233,4,110,2025-04-12,8,560.0
234,2,105,2025-02-12,2,900.0
235,3,101,2024-06-16,8,4400.0
236,2,105,2024-04-23,19,8550.0
237,5,110,2024-05-17,15,1050.0
238,2,103,2025-02-24,17,3060.0
239,2,101,2025-03-27,20,11000.0
240,1,102,2024-07-08,10,3000.0
241,2,108,2024-05-28,11,2750.0
242,4,108,2025-04-03,3,750.0
243,5,108,2025-08-02,12,3000.0
244,1,108,2024-12-04,6,1500.0
245,5,104,2024-10-23,6,1500.0
246,3,104,2025-01-15,8,2000.0
247,3,110,2024-09-18,8,560.0
248,2,108,2025-03-20,11,2750.0
249,4,110,2024-12-21,18,1260.0
250,2,108,2024-12-05,9,2250.0
251,3,109,2025-01-24,14,560.0
252,2,110,2025-08-20,16,1120.0
253,2,105,2025-03-22,15,6750.0
254,2,101,2024-03-02,5,2750.0
255,1,107,2025-05-19,13,1560.0
256,5,107,2024-07-14,15,1800.0
257,4,101,2025-05-13,16,8800.0
258,5,109,2025-02-12,9,360.0
259,2,103,2025-07-21,15,2700.0
260,1,103,2024-05-17,4,720.0
261,3,107,2025-02-10,15,1800.0
262,1,102,2025-05-26,8,2400.0
263,2,109,2024-02-14,2,80.0
264,2,102,2024-02-03,13,3900.0
265,2,106,2025-04-18,5,250.0
266,4,103,2025-06-11,4,720.0
267,4,107,2025-03-03,15,1800.0
268,2,106,2025-07-03,8,400.0
269,1,105,2025-03-04,12,5400.0
270,3,105,2024-05-25,7,3150.0
271,4,106,2024-11-09,5,250.0
272,4,102,2024-02-22,14,4200.0
273,4,105,2025-05-23,1,450.0
274,2,108,2024-05-16,10,2500.0
275,1,109,2024-01-19,5,200.0
276,3,106,2024-11-21,18,900.0
277,5,104,2025-08-10,11,2750.0
278,2,107,2024-08-23,4,480.0
279,3,107,2024-08-06,12,1440.0
280,5,110,2024-08-08,7,490.0
281,4,110,2024-11-29,14,980.0
282,3,109,2024-12-05,14,560.0
283,5,101,2024-07-04,1,550.0
284,5,110,2025-04-23,16,1120.0
285,5,109,2025-04-12,17,680.0
286,3,102,2024-12-24,20,6000.0
287,5,106,2025-03-05,13,650.0
288,2,109,2024-08-26,12,480.0
289,3,105,2024-06-27,13,5850.0
290,2,106,2025-04-28,9,450.0
291,5,106,2024-07-25,6,300.0
292,4,101,2024-02-05,14,7700.0
293,3,102,2024-10-25,18,5400.0
294,1,104,2025-07-10,13,3250.0
295,5,107,2024-08-23,19,2280.0
296,5,102,2024-02-13,4,1200.0
297,4,103,2024-03-11,2,360.0
298,3,103,2024-07-27,17,3060.0
299,5,104,2025-02-03,17,4250.0
300,1,108,2024-01-09,14,3500.0
301,4,104,2025-03-31,7,1750.0
302,5,101,2024-08-12,3,1650.0
303,3,106,2024-03-31,7,350.0
304,4,110,2025-02-16,16,1120.0
305,1,110,2024-05-20,14,980.0
306,1,105,2025-02-22,12,5400.0
307,5,107,2024-03-20,3,360.0
308,5,105,2024-09-24,4,1800.0
309,5,104,2024-07-09,20,5000.0
310,1,102,2024-04-01,4,1200.0
311,5,103,2025-07-17,5,900.0
312,4,102,2024-02-10,6,1800.0
313,5,107,2024-10-14,4,480.0
314,5,110,2024-08-18,14,980.0
315,2,103,2024-07-09,12,2160.0
316,4,103,2024-09-03,4,720.0
317,5,105,2024-08-08,14,6300.0
318,5,101,2025-06-10,20,11000.0
319,4,102,2024-09-21,13,3900.0
320,2,107,2024-07-10,19,2280.0
321,2,107,2025-04-21,15,1800.0
322,3,108,2025-05-15,13,3250.0
323,3,109,2024-02-07,6,240.0
324,1,106,2025-08-19,8,400.0
325,3,110,2024-09-27,1,70.0
326,4,108,2025-03-20,14,3500.0
327,4,108,2025-06-03,1,250.0
328,5,108,2025-05-20,9,2250.0
329,2,101,2024-01-20,10,5500.0
330,2,106,2024-09-22,17,850.0
331,2,101,2024-10-17,6,3300.0
332,4,106,2024-01-27,3,150.0
333,1,108,2025-06-15,20,5000.0
334,4,110,2024-02-06,2,140.0
335,2,105,2025-03-23,14,6300.0
336,5,109,2024-02-28,7,280.0
337,4,109,2025-03-20,3,120.0
338,3,107,2024-11-17,18,2160.0
339,1,101,2025-07-24,12,6600.0
340,3,101,2024-08-21,9,4950.0
341,2,104,2024-02-12,14,3500.0
342,3,106,2024-10-21,13,650.0
343,2,102,2024-11-14,1,300.0
344,1,101,2025-06-06,4,2200.0
345,4,101,2024-04-13,5,2750.0
346,4,101,2025-06-16,4,2200.0
347,3,104,2025-02-19,6,1500.0
348,4,103,2025-04-06,15,2700.0
349,3,108,2025-01-14,2,500.0
350,5,108,2024-06-27,16,4000.0
351,3,105,2024-07-20,2,900.0
352,1,103,2024-04-22,18,3240.0
353,5,106,2025-08-09,4,200.0
354,3,101,2025-02-04,20,11000.0
355,4,105,2024-10-03,6,2700.0
356,3,102,2025-04-09,15,4500.0
357,5,103,2024-05-26,19,3420.0
358,2,106,2024-10-14,13,650.0
359,5,107,2024-01-25,10,1200.0
360,2,106,2024-10-27,16,800.0
361,3,109,2025-06-30,6,240.0
362,5,108,2024-08-26,8,2000.0
363,3,105,2024-08-18,8,3600.0
364,3,109,2024-09-28,5,200.0
365,1,102,2025-02-10,19,5700.0
366,2,110,2024-10-18,13,910.0
367,2,106,2025-04-06,1,50.0
368,2,104,2025-07-25,19,4750.0
369,1,103,2024-10-17,16,2880.0
370,4,102,2024-08-07,13,3900.0
371,5,105,2024-04-07,12,5400.0
372,2,105,2024-07-27,10,4500.0
373,1,110,2024-02-23,7,490.0
374,5,110,2024-09-05,2,140.0
375,4,101,2025-02-15,13,7150.0
376,4,106,2024-03-23,20,1000.0
377,3,107,2024-04-07,16,1920.0
378,2,101,2025-04-05,13,7150.0
379,1,105,2024-03-30,13,5850.0
380,5,110,2025-01-31,8,560.0
381,4,106,2025-06-08,4,200.0
382,2,103,2025-02-12,2,360.0
383,1,106,2024-02-28,5,250.0
384,1,108,2025-03-05,13,3250.0
385,2,101,2025-07-05,4,2200.0
386,1,104,2024-04-06,13,3250.0
387,1,106,2024-02-27,10,500.0
388,2,107,2024-03-17,7,840.0
389,2,102,2025-05-11,12,3600.0
390,4,104,2025-01-29,16,4000.0
391,2,107,2024-07-06,5,600.0
392,3,106,2024-05-23,11,550.0
393,5,106,2024-04-10,12,600.0
394,3,105,2025-01-26,10,4500.0
395,1,108,2024-02-22,12,3000.0
396,1,101,2024-06-18,11,6050.0
397,1,105,2025-08-05,11,4950.0
398,2,108,2024-05-07,3,750.0
399,2,109,2025-05-12,16,640.0
400,2,101,2024-09-29,1,550.0
401,5,108,2024-09-09,10,2500.0
402,1,109,2025-05-23,5,200.0
403,2,106,2024-11-05,4,200.0
404,3,109,2025-05-15,1,40.0
405,4,102,2024-09-27,8,2400.0
406,5,103,2024-12-30,1,180.0
407,4,103,2025-08-06,17,3060.0
408,3,103,2025-06-24,9,1620.0
409,2,103,2024-12-21,9,1620.0
410,2,109,2024-05-09,14,560.0
411,3,101,2024-04-13,19,10450.0
412,2,109,2024-08-11,18,720.0
413,3,102,2024-09-11,17,5100.0
414,5,106,2024-06-30,2,100.0
415,3,108,2025-01-01,16,4000.0
416,3,102,2025-06-14,3,900.0
417,1,105,2025-03-02,19,8550.0
418,1,104,2024-02-10,10,2500.0
419,2,108,2024-06-01,13,3250.0
420,5,103,2024-03-06,8,1440.0
421,3,102,2024-12-14,17,5100.0
422,3,106,2024-04-02,20,1000.0
423,4,109,2024-11-15,6,240.0
424,5,108,2024-12-15,4,1000.0
425,3,101,2025-05-14,17,9350.0
426,3,110,2024-07-24,18,1260.0
427,4,107,2025-02-23,1,120.0
428,4,109,2024-10-09,9,360.0
429,1,105,2025-01-13,12,5400.0
430,3,108,2025-01-23,15,3750.0
431,4,110,2025-07-17,10,700.0
432,4,102,2024-04-29,17,5100.0
433,2,109,2025-03-18,11,440.0
434,4,109,2025-01-26,7,280.0
435,1,102,2025-07-17,8,2400.0
436,4,102,2024-05-06,6,1800.0
437,1,101,2024-06-14,4,2200.0
438,1,103,2024-08-15,12,2160.0
439,2,106,2025-05-17,13,650.0
440,4,106,2025-06-29,8,400.0
441,2,107,2024-07-25,17,2040.0
442,4,110,2025-03-07,7,490.0
443,2,108,2024-02-09,4,1000.0
444,3,106,2024-07-11,4,200.0
445,1,104,2024-07-13,20,5000.0
446,5,108,2025-01-17,16,4000.0
447,4,104,2024-06-22,4,1000.0
448,2,101,2024-04-30,3,1650.0
449,2,106,2025-04-04,10,500.0
450,2,108,2024-10-13,8,2000.0
451,5,110,2025-02-10,6,420.0
452,4,106,2025-07-09,19,950.0
453,5,109,2025-07-25,17,680.0
454,1,110,2024-12-04,4,280.0
455,3,104,2024-04-26,5,1250.0
456,2,104,2024-04-02,18,4500.0
457,4,106,2024-12-02,13,650.0
458,4,104,2024-01-03,17,4250.0
459,4,107,2024-08-23,2,240.0
460,2,106,2024-08-25,16,800.0
461,4,109,2025-03-06,15,600.0
462,2,105,2025-06-25,3,1350.0
463,3,107,2024-10-30,12,1440.0
464,3,101,2025-07-01,19,10450.0
465,2,108,2024-02-11,9,2250.0
466,2,101,2025-04-30,4,2200.0
467,4,102,2024-12-21,14,4200.0
468,5,102,2024-02-25,11,3300.0
469,1,107,2025-02-11,20,2400.0
470,2,103,2025-07-30,11,1980.0
471,4,107,2025-04-24,8,960.0
472,2,108,2025-05-13,15,3750.0
473,3,110,2025-03-16,1,70.0
474,3,104,2025-02-02,16,4000.0
475,2,101,2025-06-08,8,4400.0
476,4,107,2024-04-25,4,480.0
477,2,101,2025-07-06,11,6050.0
478,5,102,2025-07-24,16,4800.0
479,5,104,2025-03-06,14,3500.0
480,1,108,2024-11-18,2,500.0
481,1,110,2024-05-11,7,490.0
482,5,102,2024-02-29,3,900.0
483,2,107,2025-08-13,16,1920.0
484,5,109,2024-03-07,15,600.0
485,2,101,2024-11-12,16,8800.0
486,1,101,2024-08-22,2,1100.0
487,5,105,2025-06-15,15,6750.0
488,1,102,2024-09-25,10,3000.0
489,3,109,2025-03-22,4,160.0
490,5,106,2025-08-04,12,600.0
491,1,103,2025-02-12,18,3240.0
492,1,108,2024-11-24,11,2750.0
493,3,101,2024-06-29,10,5500.0
494,4,103,2025-08-14,7,1260.0
495,5,101,2025-02-19,3,1650.0
496,1,110,2024-04-23,15,1050.0
497,4,101,2024-12-28,4,2200.0
498,3,103,2025-07-15,8,1440.0
499,2,108,2025-04-18,10,2500.0
500,4,103,2024-03-31,18,3240.0
501,5,103,2024-11-08,3,540.0
502,3,101,2024-09-04,15,8250.0
503,5,101,2025-04-01,16,8800.0
504,4,104,2024-09-24,3,750.0
505,1,106,2024-01-10,14,700.0
506,4,105,2024-02-07,4,1800.0
507,1,103,2025-06-18,15,2700.0
508,4,103,2025-08-02,13,2340.0
509,1,104,2024-04-11,19,4750.0
510,3,109,2024-03-08,14,560.0
511,4,110,2024-01-21,11,770.0
512,1,109,2024-04-14,1,40.0
513,4,109,2025-01-14,10,400.0
514,5,105,2024-01-14,4,1800.0
515,2,105,2024-05-15,4,1800.0
516,1,107,2025-02-19,12,1440.0
517,2,103,2025-04-20,17,3060.0
518,5,105,2025-06-20,9,4050.0
519,5,107,2025-05-31,11,1320.0
520,5,110,2024-03-13,13,910.0
521,2,104,2024-03-06,6,1500.0
522,3,104,2025-07-25,18,4500.0
523,4,108,2024-01-22,17,4250.0
524,2,108,2025-07-16,14,3500.0
525,1,108,2024-04-07,9,2250.0
526,1,101,2025-02-20,14,7700.0
527,3,104,2025-06-30,11,2750.0
528,1,110,2025-06-02,7,490.0
529,3,102,2024-06-08,15,4500.0
530,2,109,2024-10-26,8,320.0
531,3,102,2025-02-06,14,4200.0
532,4,106,2024-09-21,8,400.0
533,4,105,2025-01-26,20,9000.0
534,5,104,2024-01-21,8,2000.0
535,2,109,2024-08-29,7,280.0
536,1,110,2024-07-20,3,210.0
537,2,107,2024-10-27,14,1680.0
538,2,105,2024-05-20,5,2250.0
539,3,106,2024-12-04,13,650.0
540,1,102,2024-01-09,11,3300.0
541,3,108,2025-05-21,4,1000.0
542,1,101,2024-04-18,2,1100.0
543,1,109,2025-08-08,4,160.0
544,3,106,2025-01-17,16,800.0
545,1,102,2024-09-23,12,3600.0
546,1,105,2024-02-10,2,900.0
547,2,107,2025-07-21,10,1200.0
548,3,107,2024-02-02,7,840.0
549,5,107,2024-08-01,4,480.0
550,4,108,2024-03-31,3,750.0
551,2,102,2024-11-05,9,2700.0
552,2,103,2024-01-10,10,1800.0
553,4,106,2024-10-27,3,150.0
554,2,109,2025-06-11,11,440.0
555,2,101,2024-08-25,4,2200.0
556,3,104,2024-05-27,10,2500.0
557,2,105,2025-08-06,7,3150.0
558,1,107,2024-05-09,7,840.0
559,1,110,2025-01-17,6,420.0
560,4,101,2025-02-07,2,1100.0
561,5,103,2024-07-17,6,1080.0
562,1,101,2024-02-19,12,6600.0
563,4,103,2024-03-27,10,1800.0
564,4,106,2025-07-14,8,400.0
565,3,107,2024-12-02,20,2400.0
566,5,101,2024-10-02,8,4400.0
567,2,101,2025-05-12,15,8250.0
568,2,109,2024-12-19,15,600.0
569,1,106,2024-09-09,10,500.0
570,2,101,2024-08-12,17,9350.0
571,3,105,2025-03-17,3,1350.0
572,1,109,2025-03-03,18,720.0
573,2,104,2025-03-13,2,500.0
574,5,107,2025-03-16,14,1680.0
575,4,105,2024-11-07,5,2250.0
576,1,104,2025-02-16,20,5000.0
577,5,105,2024-06-02,20,9000.0
578,3,108,2024-11-24,19,4750.0
579,1,107,2024-07-06,10,1200.0
580,1,102,2024-04-26,6,1800.0
581,1,102,2025-07-02,9,2700.0
582,5,109,2025-01-12,5,200.0
583,2,108,2024-09-30,6,1500.0
584,1,101,2024-11-10,3,1650.0
585,5,108,2025-05-31,17,4250.0
586,5,102,2025-04-24,14,4200.0
587,2,104,2024-02-02,12,3000.0
588,4,110,2024-08-22,14,980.0
589,2,102,2024-08-06,9,2700.0
590,1,103,2024-05-27,3,540.0
591,3,106,2024-05-12,14,700.0
592,3,105,2024-04-12,5,2250.0
593,5,101,2024-09-12,19,10450.0
594,5,103,2024-08-31,1,180.0
595,4,101,2025-03-13,8,4400.0
596,4,104,2024-12-29,1,250.0
597,5,102,2025-03-13,19,5700.0
598,2,107,2024-05-02,20,2400.0
599,5,105,2025-01-31,1,450.0
600,2,102,2025-08-02,10,3000.0
601,3,109,2025-03-28,11,440.0
602,4,104,2024-06-18,20,5000.0
603,5,109,2025-08-09,4,160.0
604,1,101,2024-03-20,2,1100.0
605,3,109,2025-08-07,14,560.0
606,2,105,2024-04-07,17,7650.0
607,2,104,2024-03-26,1,250.0
608,1,110,2025-03-02,3,210.0
609,4,104,2024-06-08,12,3000.0
610,5,104,2024-11-13,1,250.0
611,5,108,2024-10-26,19,4750.0
612,1,106,2024-08-25,10,500.0
613,4,101,2024-07-29,14,7700.0
614,3,103,2025-04-23,11,1980.0
615,2,107,2024-05-05,3,360.0
616,4,109,2024-11-06,14,560.0
617,1,110,2024-07-16,8,560.0
618,4,107,2025-03-20,16,1920.0
619,4,104,2025-08-13,15,3750.0
620,3,107,2025-06-11,12,1440.0
621,2,102,2024-10-23,12,3600.0
622,1,108,2025-08-13,13,3250.0
623,4,106,2024-10-15,9,450.0
624,4,104,2024-08-10,6,1500.0
625,2,101,2024-11-04,2,1100.0
626,5,102,2025-08-07,12,3600.0
627,1,108,2024-10-19,4,1000.0
628,3,105,2024-07-05,18,8100.0
629,2,102,2025-03-06,8,2400.0
630,4,103,2025-02-28,5,900.0
631,3,102,2024-01-31,13,3900.0
632,2,106,2024-05-15,8,400.0
633,4,101,2024-03-17,6,3300.0
634,4,104,2024-07-10,18,4500.0
635,1,107,2024-06-10,4,480.0
636,2,101,2024-05-19,18,9900.0
637,2,106,2025-05-29,4,200.0
638,3,102,2025-05-12,3,900.0
639,4,108,2024-05-29,2,500.0
640,4,106,2024-10-19,2,100.0
641,5,110,2024-02-07,20,1400.0
642,2,104,2025-04-03,10,2500.0
643,1,101,2024-11-22,19,10450.0
644,1,102,2025-04-20,14,4200.0
645,1,110,2024-03-16,16,1120.0
646,4,102,2024-09-14,10,3000.0
647,2,104,2024-08-28,3,750.0
648,5,108,2024-06-24,16,4000.0
649,3,107,2025-06-13,2,240.0
650,1,104,2024-08-25,1,250.0
651,1,102,2024-05-25,9,2700.0
652,5,101,2025-03-07,8,4400.0
653,3,107,2025-06-03,19,2280.0
654,4,109,2025-07-06,15,600.0
655,5,110,2024-01-09,18,1260.0
656,3,107,2024-12-03,4,480.0
657,3,104,2024-05-28,17,4250.0
658,3,103,2025-07-23,12,2160.0
659,4,101,2024-03-13,19,10450.0
660,3,104,2024-07-21,11,2750.0
661,5,103,2024-09-26,7,1260.0
662,3,109,2024-11-01,7,280.0
663,5,105,2025-01-26,20,9000.0
664,3,106,2025-07-13,4,200.0
665,1,108,2024-12-17,20,5000.0
666,5,105,2024-11-10,1,450.0
667,4,107,2024-06-25,9,1080.0
668,2,107,2024-11-02,8,960.0
669,2,108,2024-09-07,2,500.0
670,4,102,2025-07-04,10,3000.0
671,5,106,2024-12-15,16,800.0
672,3,102,2024-09-19,19,5700.0
673,4,110,2024-05-30,8,560.0
674,3,104,2025-07-21,13,3250.0
675,4,110,2025-03-08,6,420.0
676,1,103,2025-06-11,9,1620.0
677,2,107,2025-07-18,19,2280.0
678,4,110,2024-03-27,7,490.0
679,4,104,2024-08-05,17,4250.0
680,1,109,2025-08-01,17,680.0
681,1,101,2025-07-26,2,1100.0
682,4,106,2024-03-31,4,200.0
683,3,105,2024-12-21,15,6750.0
684,1,105,2025-01-17,12,5400.0
685,4,104,2025-03-05,12,3000.0
686,2,110,2024-09-13,6,420.0
687,2,109,2024-04-25,18,720.0
688,3,110,2024-06-11,16,1120.0
689,1,105,2024-10-31,3,1350.0
690,3,108,2024-09-06,5,1250.0
691,2,108,2024-01-09,11,2750.0
692,4,110,2025-03-26,5,350.0
693,4,101,2024-04-12,12,6600.0
694,2,101,2024-01-25,8,4400.0
695,1,106,2024-06-26,7,350.0
696,2,104,2025-05-08,12,3000.0
697,4,109,2025-07-03,1,40.0
698,5,101,2024-07-24,8,4400.0
699,4,101,2024-04-20,15,8250.0
700,1,104,2025-03-10,7,1750.0
701,2,103,2025-03-13,5,900.0
702,4,106,2025-06-18,2,100.0
703,2,101,2025-07-01,12,6600.0
704,2,108,2025-07-24,2,500.0
705,4,106,2025-05-08,2,100.0
706,4,102,2025-02-22,11,3300.0
707,5,104,2024-01-09,6,1500.0
708,5,110,2025-01-16,8,560.0
709,3,101,2025-07-29,9,4950.0
710,4,105,2025-06-01,10,4500.0
711,1,109,2024-05-05,11,440.0
712,3,108,2025-03-26,18,4500.0
713,1,102,2025-04-02,10,3000.0
714,1,104,2025-05-03,15,3750.0
715,3,110,2024-11-03,18,1260.0
716,1,107,2024-06-07,4,480.0
717,3,108,2025-05-04,11,2750.0
718,4,106,2024-09-29,8,400.0
719,1,106,2024-04-01,17,850.0
720,3,107,2024-01-28,10,1200.0
721,5,110,2024-07-04,15,1050.0
722,3,102,2024-07-09,18,5400.0
723,4,109,2024-12-19,18,720.0
724,4,101,2024-04-04,7,3850.0
725,2,107,2025-06-29,9,1080.0
726,2,105,2024-07-17,6,2700.0
727,3,103,2024-01-01,7,1260.0
728,2,105,2024-08-08,11,4950.0
729,3,107,2025-01-02,20,2400.0
730,5,103,2025-02-06,2,360.0
731,2,110,2024-07-11,5,350.0
732,5,102,2025-04-12,2,600.0
733,2,104,2025-01-09,20,5000.0
734,4,102,2025-03-06,12,3600.0
735,5,106,2024-11-18,9,450.0
736,2,106,2024-01-11,1,50.0
737,5,106,2024-08-30,13,650.0
738,2,102,2024-04-22,9,2700.0
739,4,109,2024-10-18,17,680.0
740,2,107,2025-08-13,11,1320.0
741,2,104,2024-10-23,2,500.0
742,3,106,2024-09-30,3,150.0
743,5,108,2025-07-06,7,1750.0
744,5,102,2025-04-03,5,1500.0
745,4,108,2024-02-01,8,2000.0
746,5,107,2024-09-14,3,360.0
747,3,106,2025-04-29,1,50.0
748,1,108,2024-05-06,7,1750.0
749,1,110,2024-08-11,3,210.0
750,4,105,2025-08-08,12,5400.0
751,3,101,2025-03-30,13,7150.0
752,2,108,2024-07-10,15,3750.0
753,3,107,2025-05-02,11,1320.0
754,3,107,2025-07-10,18,2160.0
755,5,108,2024-06-09,19,4750.0
756,2,107,2025-06-15,7,840.0
757,5,101,2024-04-28,5,2750.0
758,1,105,2024-11-29,1,450.0
759,5,110,2025-04-06,4,280.0
760,1,103,2025-05-10,14,2520.0
761,2,108,2025-02-19,5,1250.0
762,5,109,2025-02-25,16,640.0
763,2,104,2024-12-26,11,2750.0
764,4,105,2025-05-29,19,8550.0
765,3,104,2024-07-11,4,1000.0
766,5,105,2025-05-04,13,5850.0
767,3,106,2024-04-30,7,350.0
768,1,105,2025-04-24,7,3150.0
769,4,106,2025-07-10,7,350.0
770,1,106,2024-02-18,18,900.0
771,5,104,2025-01-28,13,3250.0
772,4,101,2025-03-12,11,6050.0
773,1,107,2024-06-10,9,1080.0
774,5,102,2024-06-05,2,600.0
775,2,110,2024-03-27,14,980.0
776,1,106,2025-05-16,7,350.0
777,1,102,2024-07-10,1,300.0
778,3,107,2025-01-02,4,480.0
779,4,109,2024-11-14,9,360.0
780,4,109,2025-01-17,14,560.0
781,5,110,2025-02-27,15,1050.0
782,3,105,2024-02-07,11,4950.0
783,2,101,2024-03-27,19,10450.0
784,1,107,2024-07-23,11,1320.0
785,1,104,2024-08-02,20,5000.0
786,5,102,2025-06-13,16,4800.0
787,2,103,2024-03-19,1,180.0
788,4,104,2025-03-12,12,3000.0
789,2,105,2025-07-14,7,3150.0
790,3,102,2024-01-06,6,1800.0
791,1,104,2025-05-01,1,250.0
792,1,110,2024-07-29,12,840.0
793,1,103,2024-12-01,14,2520.0
794,3,102,2024-08-06,8,2400.0
795,5,101,2024-01-20,12,6600.0
796,3,103,2024-03-21,1,180.0
797,1,105,2025-01-22,20,9000.0
798,2,108,2024-02-25,18,4500.0
799,4,106,2025-03-06,20,1000.0
800,4,107,2024-03-30,19,2280.0
801,3,102,2024-10-10,9,2700.0
802,5,101,2024-12-06,3,1650.0
803,1,102,2024-02-06,4,1200.0
804,1,109,2024-02-13,20,800.0
805,4,108,2024-09-28,20,5000.0
806,4,104,2025-08-20,6,1500.0
807,3,101,2024-08-11,3,1650.0
808,2,108,2024-06-30,17,4250.0
809,1,102,2024-11-23,18,5400.0
810,2,107,2025-06-11,4,480.0
811,4,101,2025-01-09,13,7150.0
812,3,107,2024-09-13,12,1440.0
813,4,102,2024-06-28,11,3300.0
814,3,103,2024-05-01,6,1080.0
815,1,110,2024-02-24,16,1120.0
816,3,109,2025-02-20,10,400.0
817,2,101,2025-04-30,14,7700.0
818,2,101,2025-05-13,10,5500.0
819,3,110,2024-01-31,17,1190.0
820,5,110,2024-12-22,1,70.0
821,1,107,2024-04-28,9,1080.0
822,1,102,2025-05-23,19,5700.0
823,3,107,2025-04-01,13,1560.0
824,1,107,2024-04-02,7,840.0
825,4,107,2024-02-22,12,1440.0
826,1,106,2024-09-27,16,800.0
827,3,104,2024-09-29,18,4500.0
828,3,106,2024-12-24,17,850.0
829,2,109,2025-03-16,18,720.0
830,4,103,2025-02-03,3,540.0
831,3,101,2024-08-23,4,2200.0
832,2,107,2024-03-30,6,720.0
833,4,110,2025-04-05,14,980.0
834,1,105,2025-01-07,19,8550.0
835,1,101,2024-03-24,17,9350.0
836,2,103,2024-02-24,9,1620.0
837,3,105,2025-04-13,6,2700.0
838,5,105,2024-12-05,19,8550.0
839,2,102,2024-05-09,2,600.0
840,2,101,2025-06-06,18,9900.0
841,1,110,2024-07-14,4,280.0
842,4,101,2024-09-19,18,9900.0
843,1,106,2024-11-24,11,550.0
844,2,110,2024-09-13,1,70.0
845,1,108,2025-08-06,2,500.0
846,1,101,2024-07-26,10,5500.0
847,3,108,2024-04-14,1,250.0
848,5,107,2025-05-23,8,960.0
849,5,108,2025-02-22,14,3500.0
850,2,109,2025-07-14,18,720.0
851,4,106,2024-08-04,6,300.0
852,1,106,2025-04-10,11,550.0
853,1,104,2025-02-08,11,2750.0
854,3,104,2024-05-28,12,3000.0
855,3,101,2025-06-08,7,3850.0
856,2,102,2025-02-26,14,4200.0
857,2,104,2025-02-27,13,3250.0
858,5,108,2025-06-17,20,5000.0
859,2,107,2024-07-04,12,1440.0
860,1,102,2024-03-08,6,1800.0
861,1,103,2024-12-08,9,1620.0
862,4,103,2025-04-12,3,540.0
863,3,105,2025-04-01,15,6750.0
864,5,105,2025-08-13,8,3600.0
865,2,104,2024-03-27,9,2250.0
866,2,109,2024-06-23,9,360.0
867,1,102,2025-04-02,17,5100.0
868,5,107,2024-11-26,14,1680.0
869,4,110,2025-08-01,15,1050.0
870,5,107,2025-03-16,8,960.0
871,5,101,2024-02-11,11,6050.0
872,3,108,2024-05-26,12,3000.0
873,1,101,2025-07-19,8,4400.0
874,3,106,2025-04-21,7,350.0
875,2,109,2025-03-18,2,80.0
876,4,110,2024-10-27,4,280.0
877,4,104,2024-03-06,16,4000.0
878,2,105,2025-02-05,12,5400.0
879,4,103,2024-07-03,14,2520.0
880,2,104,2024-09-04,12,3000.0
881,5,102,2025-06-29,2,600.0
882,1,101,2025-05-02,8,4400.0
883,2,109,2024-11-16,6,240.0
884,3,106,2024-08-17,5,250.0
885,3,108,2024-11-15,6,1500.0
886,1,110,2024-12-08,17,1190.0
887,2,107,2024-12-07,12,1440.0
888,5,101,2024-07-02,18,9900.0
889,1,102,2025-02-09,11,3300.0
890,1,108,2025-03-11,9,2250.0
891,4,108,2024-06-26,16,4000.0
892,3,107,2024-04-09,19,2280.0
893,3,103,2024-08-21,20,3600.0
894,1,108,2025-05-12,20,5000.0
895,1,108,2024-11-02,3,750.0
896,3,104,2024-05-19,1,250.0
897,2,108,2025-05-07,15,3750.0
898,3,104,2025-05-14,5,1250.0
899,4,106,2025-02-25,5,250.0
900,2,103,2024-08-15,15,2700.0
901,3,106,2025-04-28,19,950.0
902,3,110,2025-04-25,15,1050.0
903,5,107,2025-04-04,16,1920.0
904,3,104,2024-05-19,18,4500.0
905,4,110,2025-01-13,9,630.0
906,4,104,2024-02-29,12,3000.0
907,4,106,2024-10-22,10,500.0
908,1,106,2024-11-21,8,400.0
909,5,107,2024-05-16,5,600.0
910,3,103,2024-01-10,13,2340.0
911,3,104,2024-09-02,12,3000.0
912,2,104,2024-01-19,20,5000.0
913,1,101,2025-03-26,4,2200.0
914,3,110,2024-01-18,12,840.0
915,2,107,2024-03-22,1,120.0
916,2,101,2025-04-11,1,550.0
917,3,105,2024-05-03,4,1800.0
918,1,101,2025-02-26,1,550.0
919,1,110,2024-09-24,13,910.0
920,2,109,2025-05-17,15,600.0
921,2,106,2025-04-09,2,100.0
922,4,108,2025-05-31,18,4500.0
923,4,110,2025-03-06,18,1260.0
924,2,105,2024-12-17,2,900.0
925,5,110,2025-02-23,11,770.0
926,2,110,2024-10-15,4,280.0
927,3,103,2024-10-03,1,180.0
928,3,105,2025-03-22,11,4950.0
929,5,109,2024-02-15,11,440.0
930,4,107,2024-08-25,14,1680.0
931,5,106,2025-01-10,19,950.0
932,4,106,2024-02-06,12,600.0
933,1,108,2024-07-21,15,3750.0
934,5,106,2024-04-21,14,700.0
935,1,103,2024-10-14,10,1800.0
936,5,104,2025-08-15,12,3000.0
937,4,104,2025-07-10,5,1250.0
938,3,101,2024-05-10,11,6050.0
939,1,105,2024-06-27,1,450.0
940,5,110,2025-03-04,11,770.0
941,2,101,2024-12-10,5,2750.0
942,3,108,2025-01-29,5,1250.0
943,4,106,2024-05-17,16,800.0
944,2,108,2024-08-07,17,4250.0
945,2,102,2024-09-27,16,4800.0
946,5,104,2025-07-23,19,4750.0
947,5,107,2024-07-05,4,480.0
948,2,102,2025-08-14,10,3000.0
949,2,104,2024-09-17,5,1250.0
950,2,108,2024-02-21,9,2250.0
951,3,102,2024-01-25,11,3300.0
952,2,104,2024-04-30,18,4500.0
953,5,109,2024-08-10,1,40.0
954,5,106,2024-09-13,3,150.0
955,1,109,2025-03-07,14,560.0
956,5,105,2025-01-05,8,3600.0
957,2,109,2024-08-28,15,600.0
958,1,104,2024-08-05,11,2750.0
959,4,103,2025-01-08,9,1620.0
960,1,109,2025-04-13,11,440.0
961,5,101,2025-06-16,15,8250.0
962,4,101,2024-07-01,6,3300.0
963,5,101,2025-01-11,20,11000.0
964,1,109,2024-10-24,10,400.0
965,4,106,2025-05-11,1,50.0
966,5,107,2024-03-12,14,1680.0
967,1,110,2025-05-08,6,420.0
968,1,108,2024-10-11,15,3750.0
969,3,110,2024-08-11,10,700.0
970,4,106,2024-07-20,11,550.0
971,4,105,2024-02-26,20,9000.0
972,5,106,2024-05-09,5,250.0
973,2,107,2024-03-20,16,1920.0
974,1,106,2025-01-24,19,950.0
975,3,110,2025-03-05,3,210.0
976,3,107,2024-10-27,14,1680.0
977,4,109,2024-12-17,15,600.0
978,5,101,2024-05-17,14,7700.0
979,4,109,2024-08-11,17,680.0
980,1,107,2025-07-22,2,240.0
981,3,110,2024-10-03,3,210.0
982,1,107,2024-06-09,10,1200.0
983,2,101,2024-06-24,5,2750.0
984,2,101,2024-09-10,5,2750.0
985,4,105,2024-06-25,17,7650.0
986,5,107,2024-01-10,5,600.0
987,5,108,2024-10-03,18,4500.0
988,2,108,2024-04-27,12,3000.0
989,5,110,2024-07-13,9,630.0
990,4,109,2025-05-09,11,440.0
991,5,108,2024-09-21,2,500.0
992,3,103,2025-06-07,11,1980.0
993,5,108,2025-01-03,3,750.0
994,4,104,2025-03-25,4,1000.0
995,4,108,2025-08-20,11,2750.0
996,2,102,2024-02-05,4,1200.0
997,5,110,2024-11-22,13,910.0
998,3,101,2025-02-09,13,7150.0
999,1,102,2024-10-23,13,3900.0
1000,5,109,2025-06-27,7,280.0
1001,5,110,2024-09-28,20,1400.0
1002,3,107,2025-02-22,2,240.0
1003,1,106,2024-09-14,19,950.0
1004,2,103,2024-06-25,18,3240.0
1005,4,101,2025-04-06,20,11000.0
1006,4,103,2025-01-02,13,2340.0
1007,5,102,2025-03-26,5,1500.0
1008,5,103,2024-11-02,7,1260.0
1009,3,108,2024-09-10,1,250.0
1010,5,109,2024-01-29,14,560.0
1011,4,103,2025-03-04,13,2340.0
1012,3,107,2024-05-18,13,1560.0
1013,3,110,2025-04-12,17,1190.0
1014,2,106,2024-12-11,7,350.0
1015,3,109,2025-07-04,16,640.0
1016,2,101,2024-09-16,13,7150.0
1017,1,103,2024-03-18,19,3420.0
1018,5,108,2024-01-30,10,2500.0
1019,2,106,2025-04-24,8,400.0
1020,5,104,2024-11-13,7,1750.0
1021,5,108,2024-04-04,14,3500.0
1022,5,102,2025-08-07,5,1500.0
1023,2,104,2024-10-26,10,2500.0
1024,4,110,2024-05-09,7,490.0
1025,3,108,2024-03-06,20,5000.0
1026,3,103,2024-06-15,5,900.0
1027,4,108,2024-08-05,20,5000.0
1028,5,107,2024-04-03,3,360.0
1029,4,103,2024-08-11,7,1260.0
1030,4,102,2024-09-06,12,3600.0
1031,3,102,2025-01-26,1,300.0
1032,3,108,2024-10-11,2,500.0
1033,4,105,2024-11-12,20,9000.0
1034,5,110,2024-11-25,1,70.0
1035,3,104,2025-03-06,7,1750.0
1036,3,101,2024-09-07,16,8800.0
1037,3,109,2025-07-30,17,680.0
1038,1,109,2024-09-04,14,560.0
1039,2,109,2025-05-19,5,200.0
1040,2,107,2024-07-10,10,1200.0
1041,4,103,2024-02-14,6,1080.0
1042,5,106,2025-03-22,15,750.0
1043,1,109,2025-03-13,19,760.0
1044,5,105,2024-01-27,1,450.0
1045,4,103,2024-05-17,3,540.0
1046,4,106,2025-07-17,3,150.0
1047,2,103,2024-02-24,12,2160.0
1048,4,101,2025-05-05,14,7700.0
1049,2,101,2024-08-15,3,1650.0
1050,1,104,2024-09-02,18,4500.0
1051,5,104,2024-05-26,9,2250.0
1052,2,106,2024-03-11,16,800.0
1053,5,110,2025-01-07,7,490.0
1054,5,110,2024-02-11,7,490.0
1055,2,108,2024-09-30,3,750.0
1056,3,101,2024-10-17,12,6600.0
1057,5,102,2024-04-03,7,2100.0
1058,2,101,2024-10-25,17,9350.0
1059,2,104,2024-07-05,12,3000.0
1060,4,106,2024-01-09,11,550.0
1061,2,101,2025-03-28,13,7150.0
1062,3,109,2025-01-30,1,40.0
1063,2,105,2025-02-03,1,450.0
1064,2,110,2025-05-28,6,420.0
1065,2,103,2024-12-19,14,2520.0
1066,1,102,2024-04-03,15,4500.0
1067,1,107,2024-07-23,11,1320.0
1068,4,110,2024-10-24,13,910.0
1069,4,102,2025-01-24,13,3900.0
1070,5,109,2025-02-23,9,360.0
1071,1,101,2024-03-05,12,6600.0
1072,1,102,2024-03-13,13,3900.0
1073,2,110,2024-04-23,4,280.0
1074,3,107,2025-02-05,7,840.0
1075,3,110,2025-03-22,16,1120.0
1076,2,107,2024-04-27,3,360.0
1077,5,102,2024-02-13,15,4500.0
1078,3,105,2025-08-15,15,6750.0
1079,2,105,2025-01-07,20,9000.0
1080,3,109,2025-07-30,20,800.0
1081,4,104,2025-02-22,17,4250.0
1082,5,110,2025-03-12,18,1260.0
1083,2,105,2024-11-05,18,8100.0
1084,3,108,2024-07-07,16,4000.0
1085,3,103,2024-01-08,15,2700.0
1086,1,109,2024-08-03,10,400.0
1087,3,101,2025-05-14,13,7150.0
1088,2,105,2025-05-02,9,4050.0
1089,2,109,2025-06-15,1,40.0
1090,1,101,2024-01-17,10,5500.0
1091,4,104,2025-05-23,18,4500.0
1092,3,101,2025-08-13,10,5500.0
1093,5,106,2024-03-12,8,400.0
1094,2,105,2024-02-12,14,6300.0
1095,2,103,2024-02-25,15,2700.0
1096,1,107,2024-02-10,11,1320.0
1097,1,104,2024-12-11,15,3750.0
1098,4,104,2024-11-25,5,1250.0
1099,3,106,2024-04-14,16,800.0
1100,5,108,2025-04-14,8,2000.0
1101,5,109,2025-05-15,13,520.0
1102,3,109,2024-04-26,18,720.0
1103,4,106,2024-10-30,8,400.0
1104,1,105,2024-12-19,2,900.0
1105,5,106,2024-04-12,2,100.0
1106,5,110,2024-06-27,7,490.0
1107,2,102,2024-02-26,3,900.0
1108,2,101,2024-12-01,5,2750.0
1109,1,108,2024-07-01,2,500.0
1110,4,107,2024-09-04,7,840.0
1111,5,107,2025-02-12,20,2400.0
1112,1,108,2024-11-28,4,1000.0
1113,1,107,2024-11-21,6,720.0
1114,3,102,2024-12-17,10,3000.0
1115,1,104,2024-03-29,8,2000.0
1116,3,107,2024-11-29,10,1200.0
1117,3,101,2024-07-29,4,2200.0
1118,5,109,2024-07-15,16,640.0
1119,2,107,2024-02-09,9,1080.0
1120,1,103,2025-07-16,15,2700.0
1121,5,101,2024-10-09,17,9350.0
1122,2,102,2024-05-26,19,5700.0
1123,1,108,2024-03-07,8,2000.0
1124,5,102,2025-03-29,13,3900.0
1125,3,108,2024-06-09,7,1750.0
1126,5,106,2024-08-25,14,700.0
1127,3,108,2025-04-21,8,2000.0
1128,5,103,2025-05-29,15,2700.0
1129,5,106,2024-10-25,20,1000.0
1130,4,109,2024-03-10,12,480.0
1131,1,104,2025-08-14,19,4750.0
1132,2,107,2025-04-03,2,240.0
1133,3,103,2024-11-11,17,3060.0
1134,2,104,2025-04-07,10,2500.0
1135,3,104,2024-04-28,15,3750.0
1136,5,110,2024-10-11,17,1190.0
1137,2,106,2024-09-06,8,400.0
1138,4,108,2025-05-16,1,250.0
1139,3,106,2024-05-27,4,200.0
1140,3,108,2025-04-17,2,500.0
1141,3,110,2024-07-02,3,210.0
1142,2,103,2024-09-08,14,2520.0
1143,4,102,2024-12-02,8,2400.0
1144,4,109,2025-08-16,3,120.0
1145,3,108,2025-07-28,13,3250.0
1146,1,103,2024-08-01,12,2160.0
1147,1,105,2025-03-13,13,5850.0
1148,1,103,2025-04-05,3,540.0
1149,4,107,2024-12-10,18,2160.0
1150,1,108,2024-12-12,1,250.0
1151,5,106,2024-03-14,11,550.0
1152,3,102,2024-01-28,15,4500.0
1153,1,109,2024-04-07,2,80.0
1154,3,107,2024-12-01,12,1440.0
1155,3,103,2024-10-01,4,720.0
1156,4,109,2024-11-11,20,800.0
1157,5,109,2024-01-16,11,440.0
1158,3,101,2024-11-07,12,6600.0
1159,4,102,2024-07-04,10,3000.0
1160,2,105,2024-09-30,12,5400.0
1161,3,109,2025-01-16,7,280.0
1162,5,102,2025-04-05,20,6000.0
1163,5,106,2024-02-02,2,100.0
1164,3,105,2025-07-29,8,3600.0
1165,1,110,2025-07-06,12,840.0
1166,5,109,2024-11-27,1,40.0
1167,5,108,2024-09-22,10,2500.0
1168,5,101,2024-02-21,11,6050.0
1169,5,103,2025-03-20,10,1800.0
1170,4,105,2024-07-22,2,900.0
1171,5,107,2024-01-01,12,1440.0
1172,2,105,2024-08-28,15,6750.0
1173,1,106,2024-10-23,1,50.0
1174,5,105,2024-11-05,16,7200.0
1175,1,102,2025-01-24,16,4800.0
1176,1,106,2025-03-03,4,200.0
1177,4,101,2024-08-02,15,8250.0
1178,2,102,2025-08-07,5,1500.0
1179,5,108,2024-01-16,12,3000.0
1180,1,103,2024-12-16,10,1800.0
1181,1,101,2025-04-11,19,10450.0
1182,4,101,2024-09-17,8,4400.0
1183,2,109,2024-06-30,20,800.0
1184,1,101,2024-01-13,18,9900.0
1185,3,109,2025-05-08,6,240.0
1186,3,106,2024-10-28,2,100.0
1187,3,106,2025-01-12,17,850.0
1188,2,104,2025-03-26,20,5000.0
1189,1,104,2024-02-08,20,5000.0
1190,1,107,2024-05-06,11,1320.0
1191,4,103,2025-08-09,2,360.0
1192,2,108,2024-03-03,9,2250.0
1193,4,106,2024-11-28,10,500.0
1194,3,103,2024-12-20,19,3420.0
1195,4,102,2024-10-30,16,4800.0
1196,3,103,2025-08-12,15,2700.0
1197,5,101,2024-11-17,17,9350.0
1198,5,103,2025-03-18,11,1980.0
1199,3,102,2024-03-22,6,1800.0
1200,4,105,2024-09-28,5,2250.0
1201,1,110,2025-01-01,4,280.0
1202,1,102,2024-11-24,4,1200.0
1203,1,104,2024-01-01,8,2000.0
1204,5,107,2024-10-04,8,960.0
1205,3,102,2024-07-18,16,4800.0
1206,5,108,2024-06-02,6,1500.0
1207,1,104,2024-09-20,16,4000.0
1208,2,109,2024-11-18,18,720.0
1209,3,108,2024-07-17,3,750.0
1210,5,105,2025-01-07,5,2250.0
1211,1,102,2025-02-26,2,600.0
1212,2,109,2025-01-21,15,600.0
1213,5,109,2025-01-25,5,200.0
1214,1,101,2025-04-18,18,9900.0
1215,3,109,2024-01-03,13,520.0
1216,5,103,2025-05-07,9,1620.0
1217,1,107,2024-12-26,13,1560.0
1218,2,110,2025-01-11,7,490.0
1219,4,110,2025-02-09,10,700.0
1220,3,103,2024-08-31,19,3420.0
1221,1,101,2025-06-12,16,8800.0
1222,5,105,2024-08-07,10,4500.0
1223,2,108,2024-05-13,2,500.0
1224,5,104,2024-03-12,7,1750.0
1225,3,107,2024-01-10,12,1440.0
1226,4,106,2024-12-02,12,600.0
1227,5,101,2025-03-14,3,1650.0
1228,3,104,2025-06-03,14,3500.0
1229,5,104,2025-07-16,11,2750.0
1230,3,102,2024-12-21,2,600.0
1231,2,104,2025-05-14,6,1500.0
1232,5,103,2024-09-15,10,1800.0
1233,4,106,2025-02-08,19,950.0
1234,5,104,2024-02-08,3,750.0
1235,3,110,2025-04-01,1,70.0
1236,3,104,2024-12-02,11,2750.0
1237,2,101,2025-04-17,14,7700.0
1238,5,102,2024-03-13,15,4500.0
1239,5,107,2024-05-14,5,600.0
1240,4,110,2025-07-09,19,1330.0
1241,5,110,2025-02-13,4,280.0
1242,1,105,2024-10-24,20,9000.0
1243,5,109,2025-02-06,11,440.0
1244,2,110,2025-02-21,13,910.0
1245,1,106,2024-07-04,20,1000.0
1246,4,103,2025-03-01,18,3240.0
1247,2,109,2025-01-05,20,800.0
1248,4,101,2024-07-02,8,4400.0
1249,1,105,2024-11-09,5,2250.0
1250,3,101,2024-07-18,12,6600.0
1251,1,101,2025-05-29,10,5500.0
1252,4,104,2025-05-15,10,2500.0
1253,3,109,2024-11-24,18,720.0
1254,4,104,2024-11-16,5,1250.0
1255,5,105,2024-02-21,14,6300.0
1256,1,109,2024-09-05,2,80.0
1257,5,103,2024-09-19,7,1260.0
1258,3,101,2025-03-06,12,6600.0
1259,5,104,2024-05-29,7,1750.0
1260,4,104,2024-03-08,17,4250.0
1261,1,107,2024-02-16,6,720.0
1262,5,103,2024-02-04,14,2520.0
1263,5,106,2024-12-09,5,250.0
1264,2,105,2025-05-14,15,6750.0
1265,2,102,2025-06-05,17,5100.0
1266,1,109,2025-03-23,19,760.0
1267,4,102,2025-03-27,19,5700.0
1268,1,102,2025-06-20,1,300.0
1269,3,106,2024-04-22,2,100.0
1270,3,101,2024-01-28,10,5500.0
1271,4,102,2024-03-23,2,600.0
1272,4,105,2024-03-10,18,8100.0
1273,2,106,2024-07-21,17,850.0
1274,1,101,2024-07-20,7,3850.0
1275,1,108,2024-12-20,19,4750.0
1276,1,106,2024-05-30,19,950.0
1277,4,102,2024-07-22,18,5400.0
1278,2,102,2025-08-19,4,1200.0
1279,3,107,2024-12-29,9,1080.0
1280,2,107,2024-07-10,4,480.0
1281,2,108,2025-01-16,3,750.0
1282,3,110,2025-04-22,15,1050.0
1283,2,109,2025-02-07,17,680.0
1284,3,108,2024-02-04,10,2500.0
1285,4,101,2025-02-12,13,7150.0
1286,1,103,2024-12-26,20,3600.0
1287,4,107,2024-07-22,10,1200.0
1288,2,106,2025-03-14,8,400.0
1289,1,110,2024-03-23,6,420.0
1290,5,108,2024-12-27,5,1250.0
1291,2,102,2024-10-09,17,5100.0
1292,4,104,2024-05-05,15,3750.0
1293,1,101,2024-08-19,4,2200.0
1294,4,101,2025-08-17,10,5500.0
1295,5,106,2025-05-03,16,800.0
1296,4,105,2025-02-16,6,2700.0
1297,4,104,2024-10-03,2,500.0
1298,3,104,2024-10-14,1,250.0
1299,4,104,2025-06-03,8,2000.0
1300,4,103,2025-07-25,10,1800.0
1301,1,109,2025-01-20,14,560.0
1302,3,108,2024-11-03,9,2250.0
1303,1,104,2024-02-01,11,2750.0
1304,5,110,2025-05-22,11,770.0
1305,3,104,2025-03-08,1,250.0
1306,3,109,2025-01-29,3,120.0
1307,1,109,2024-12-06,17,680.0
1308,5,108,2025-04-27,6,1500.0
1309,3,101,2025-05-27,18,9900.0
1310,2,104,2025-05-22,11,2750.0
1311,1,101,2024-09-30,3,1650.0
1312,3,107,2025-05-15,13,1560.0
1313,3,109,2025-08-02,5,200.0
1314,2,103,2024-03-27,19,3420.0
1315,4,105,2024-02-02,18,8100.0
1316,5,102,2025-03-09,11,3300.0
1317,2,101,2024-03-07,18,9900.0
1318,2,106,2024-02-24,20,1000.0
1319,3,105,2025-08-09,19,8550.0
1320,2,103,2025-01-25,16,2880.0
1321,3,107,2024-04-07,1,120.0
1322,2,106,2025-02-27,12,600.0
1323,3,107,2024-06-12,1,120.0
1324,3,102,2025-08-13,8,2400.0
1325,1,104,2024-09-06,14,3500.0
1326,3,101,2025-01-13,10,5500.0
1327,4,109,2025-05-01,14,560.0
1328,4,101,2025-05-12,13,7150.0
1329,3,103,2024-07-19,18,3240.0
1330,3,103,2025-07-14,3,540.0
1331,1,108,2024-11-24,16,4000.0
1332,2,106,2025-03-08,9,450.0
1333,4,102,2025-06-22,5,1500.0
1334,5,110,2025-08-18,8,560.0
1335,4,103,2024-04-06,11,1980.0
1336,3,101,2024-07-26,19,10450.0
1337,5,104,2024-08-17,2,500.0
1338,2,107,2024-03-18,4,480.0
1339,1,104,2024-06-05,9,2250.0
1340,3,107,2025-06-16,13,1560.0
1341,1,105,2025-02-07,18,8100.0
1342,5,109,2025-05-17,13,520.0
1343,3,109,2024-08-17,10,400.0
1344,3,106,2024-09-01,7,350.0
1345,4,104,2024-07-26,5,1250.0
1346,3,105,2024-02-15,5,2250.0
1347,5,105,2024-06-27,5,2250.0
1348,5,106,2024-12-09,14,700.0
1349,3,106,2024-10-08,4,200.0
1350,3,108,2025-04-12,20,5000.0
1351,4,102,2024-12-28,17,5100.0
1352,2,107,2024-10-27,16,1920.0
1353,1,107,2025-04-19,18,2160.0
1354,3,110,2025-03-26,14,980.0
1355,4,103,2024-06-04,4,720.0
1356,5,104,2025-05-31,20,5000.0
1357,5,105,2025-03-04,17,7650.0
1358,5,101,2025-02-06,18,9900.0
1359,3,104,2024-02-14,8,2000.0
1360,2,109,2024-02-04,5,200.0
1361,1,104,2024-12-10,19,4750.0
1362,5,109,2024-11-13,20,800.0
1363,2,109,2024-03-16,18,720.0
1364,3,102,2025-05-03,11,3300.0
1365,2,102,2024-07-14,7,2100.0
1366,4,105,2025-03-03,12,5400.0
1367,5,103,2025-02-04,4,720.0
1368,1,110,2025-01-14,16,1120.0
1369,2,108,2024-05-25,19,4750.0
1370,3,105,2024-06-02,16,7200.0
1371,3,105,2024-06-19,17,7650.0
1372,1,110,2024-09-25,9,630.0
1373,1,109,2024-03-21,9,360.0
1374,2,109,2025-02-25,4,160.0
1375,3,107,2024-08-12,18,2160.0
1376,1,106,2025-03-23,13,650.0
1377,3,107,2024-12-23,13,1560.0
1378,2,106,2024-01-18,13,650.0
1379,4,104,2024-09-04,13,3250.0
1380,5,101,2024-10-15,5,2750.0
1381,5,109,2024-09-17,7,280.0
1382,5,108,2025-01-20,2,500.0
1383,2,110,2024-02-21,10,700.0
1384,3,104,2024-10-13,3,750.0
1385,1,103,2024-06-10,17,3060.0
1386,4,101,2024-01-30,15,8250.0
1387,3,110,2025-01-01,13,910.0
1388,1,110,2024-08-15,11,770.0
1389,2,104,2024-05-28,19,4750.0
1390,2,105,2024-05-19,9,4050.0
1391,2,108,2024-10-02,5,1250.0
1392,3,109,2024-09-04,6,240.0
1393,1,109,2025-05-01,17,680.0
1394,4,107,2024-04-05,3,360.0
1395,3,110,2024-12-10,14,980.0
1396,2,108,2025-04-14,8,2000.0
1397,3,102,2025-02-13,7,2100.0
1398,3,107,2025-01-13,12,1440.0
1399,5,109,2025-03-15,2,80.0
1400,2,109,2025-02-04,6,240.0
1401,2,107,2025-06-20,17,2040.0
1402,1,101,2024-08-26,5,2750.0
1403,2,108,2024-11-20,8,2000.0
1404,3,102,2025-07-08,10,3000.0
1405,5,105,2025-02-05,4,1800.0
1406,5,102,2025-04-13,13,3900.0
1407,2,109,2024-01-01,4,160.0
1408,5,102,2025-06-29,6,1800.0
1409,1,105,2025-03-10,10,4500.0
1410,4,106,2025-07-26,9,450.0
1411,3,107,2025-05-10,15,1800.0
1412,5,104,2024-12-28,6,1500.0
1413,2,105,2025-07-22,7,3150.0
1414,1,105,2024-10-29,19,8550.0
1415,3,106,2024-07-11,3,150.0
1416,4,109,2024-12-18,1,40.0
1417,4,106,2025-06-30,11,550.0
1418,2,104,2024-01-28,7,1750.0
1419,4,102,2024-05-15,17,5100.0
1420,4,104,2025-04-02,6,1500.0
1421,5,108,2025-06-11,14,3500.0
1422,2,106,2024-03-12,13,650.0
1423,2,101,2024-11-23,16,8800.0
1424,2,103,2024-06-09,6,1080.0
1425,5,104,2024-05-16,12,3000.0
1426,4,106,2024-11-17,18,900.0
1427,1,108,2025-03-10,12,3000.0
1428,4,106,2024-02-01,4,200.0
1429,1,102,2025-02-28,18,5400.0
1430,3,109,2025-02-27,10,400.0
1431,1,101,2024-04-26,16,8800.0
1432,2,104,2025-05-06,11,2750.0
1433,4,106,2024-02-14,6,300.0
1434,3,107,2024-09-25,5,600.0
1435,3,109,2024-05-17,16,640.0
1436,4,106,2024-05-04,3,150.0
1437,3,103,2024-11-12,13,2340.0
1438,1,108,2024-10-12,5,1250.0
1439,5,103,2024-08-12,17,3060.0
1440,3,105,2025-04-02,7,3150.0
1441,1,109,2024-11-24,13,520.0
1442,1,101,2024-02-07,7,3850.0
1443,3,110,2024-07-23,5,350.0
1444,2,108,2024-02-02,15,3750.0
1445,2,102,2024-03-13,20,6000.0
1446,5,101,2025-04-07,11,6050.0
1447,2,101,2024-06-08,7,3850.0
1448,2,106,2025-04-25,13,650.0
1449,4,105,2025-07-09,19,8550.0
1450,1,110,2024-11-18,10,700.0
1451,2,110,2025-05-07,18,1260.0
1452,4,107,2024-04-21,17,2040.0
1453,3,110,2024-08-24,17,1190.0
1454,2,103,2025-07-14,14,2520.0
1455,2,107,2024-05-31,9,1080.0
1456,1,104,2024-10-24,17,4250.0
1457,4,103,2025-08-07,13,2340.0
1458,1,108,2025-01-04,15,3750.0
1459,1,103,2024-04-26,4,720.0
1460,4,107,2025-01-17,17,2040.0
1461,5,104,2024-01-27,14,3500.0
1462,1,107,2025-04-22,20,2400.0
1463,5,107,2025-01-12,20,2400.0
1464,4,106,2025-06-22,1,50.0
1465,1,106,2024-02-17,2,100.0
1466,1,102,2025-01-01,16,4800.0
1467,5,105,2024-02-09,16,7200.0
1468,3,110,2024-02-12,6,420.0
1469,1,109,2024-10-21,16,640.0
1470,2,107,2025-05-10,18,2160.0
1471,1,104,2024-08-05,15,3750.0
1472,3,107,2025-08-05,8,960.0
1473,5,108,2024-07-25,4,1000.0
1474,4,101,2024-07-08,10,5500.0
1475,5,107,2025-07-12,15,1800.0
1476,3,105,2024-03-31,11,4950.0
1477,3,108,2025-06-26,1,250.0
1478,3,106,2024-11-28,8,400.0
1479,2,103,2024-01-02,10,1800.0
1480,5,105,2024-04-09,2,900.0
1481,1,110,2024-12-18,2,140.0
1482,4,106,2024-09-26,20,1000.0
1483,1,101,2024-11-01,8,4400.0
1484,3,110,2024-09-09,10,700.0
1485,3,106,2024-01-18,4,200.0
1486,3,105,2025-06-14,18,8100.0
1487,5,104,2025-04-28,1,250.0
1488,3,105,2025-03-29,16,7200.0
1489,4,107,2025-07-15,10,1200.0
1490,5,106,2025-05-18,6,300.0
1491,1,104,2025-02-10,9,2250.0
1492,3,103,2024-10-27,3,540.0
1493,4,110,2024-10-24,5,350.0
1494,4,104,2024-03-18,12,3000.0
1495,3,102,2025-04-23,19,5700.0
1496,5,108,2024-03-02,4,1000.0
1497,5,109,2024-11-22,13,520.0
1498,2,108,2024-12-06,20,5000.0
1499,3,103,2025-04-27,19,3420.0
1500,1,110,2024-01-13,9,630.0
1501,2,101,2024-06-13,19,10450.0
1502,2,106,2024-05-13,13,650.0
1503,4,109,2025-02-18,3,120.0
1504,5,104,2025-01-07,11,2750.0
1505,4,108,2024-01-09,7,1750.0
1506,5,110,2025-06-30,14,980.0
1507,5,108,2025-02-09,15,3750.0
1508,3,101,2024-01-24,5,2750.0
1509,1,105,2024-03-29,17,7650.0
1510,2,103,2024-10-07,10,1800.0
1511,3,102,2025-06-21,8,2400.0
1512,1,108,2025-05-27,14,3500.0
1513,1,107,2024-04-17,12,1440.0
1514,3,109,2024-01-30,17,680.0
1515,3,105,2024-03-20,11,4950.0
1516,2,101,2025-02-08,12,6600.0
1517,2,101,2024-12-15,13,7150.0
1518,3,108,2025-04-14,8,2000.0
1519,4,105,2025-07-23,1,450.0
1520,2,105,2024-01-28,17,7650.0
1521,2,107,2024-06-06,2,240.0
1522,1,105,2025-04-19,14,6300.0
1523,1,106,2024-02-15,6,300.0
1524,5,110,2024-09-09,17,1190.0
1525,2,110,2024-05-12,18,1260.0
1526,3,109,2024-06-14,17,680.0
1527,4,104,2025-06-15,11,2750.0
1528,5,108,2024-03-02,19,4750.0
1529,3,105,2024-11-03,13,5850.0
1530,4,108,2024-02-05,10,2500.0
1531,4,101,2025-08-03,14,7700.0
1532,1,105,2025-07-05,5,2250.0
1533,5,102,2024-04-03,8,2400.0
1534,1,101,2024-01-08,14,7700.0
1535,5,106,2025-06-30,8,400.0
1536,5,109,2024-05-20,8,320.0
1537,5,108,2025-07-01,18,4500.0
1538,4,105,2025-07-25,10,4500.0
1539,4,110,2024-09-06,9,630.0
1540,2,108,2024-12-08,4,1000.0
1541,1,106,2024-03-25,5,250.0
1542,4,108,2024-10-25,14,3500.0
1543,4,109,2024-07-21,10,400.0
1544,2,106,2024-01-14,1,50.0
1545,3,106,2024-02-02,9,450.0
1546,1,109,2024-08-28,6,240.0
1547,3,101,2024-12-12,2,1100.0
1548,1,104,2025-03-27,14,3500.0
1549,4,103,2024-03-12,16,2880.0
1550,2,106,2024-03-06,5,250.0
1551,2,108,2024-06-20,7,1750.0
1552,4,106,2025-06-25,11,550.0
1553,2,101,2024-09-28,13,7150.0
1554,2,107,2024-02-22,15,1800.0
1555,3,107,2025-07-29,7,840.0
1556,4,102,2024-05-12,11,3300.0
1557,2,106,2024-01-07,7,350.0
1558,4,109,2024-01-08,18,720.0
1559,3,110,2024-01-27,20,1400.0
1560,4,103,2024-02-18,12,2160.0
1561,4,102,2024-03-20,19,5700.0
1562,4,110,2024-07-24,5,350.0
1563,4,110,2024-04-13,6,420.0
1564,5,101,2024-11-13,13,7150.0
1565,4,106,2025-03-22,16,800.0
1566,4,104,2025-08-02,4,1000.0
1567,2,108,2024-04-17,8,2000.0
1568,4,110,2024-01-02,3,210.0
1569,1,104,2024-10-05,10,2500.0
1570,2,103,2025-01-12,7,1260.0
1571,1,108,2025-03-10,18,4500.0
1572,1,109,2025-03-27,19,760.0
1573,3,110,2025-04-02,20,1400.0
1574,2,103,2025-04-03,1,180.0
1575,2,103,2025-02-24,18,3240.0
1576,1,103,2024-06-19,8,1440.0
1577,3,108,2024-02-24,10,2500.0
1578,1,108,2025-04-29,10,2500.0
1579,4,103,2025-05-18,12,2160.0
1580,3,105,2025-05-23,2,900.0
1581,4,106,2024-09-17,14,700.0
1582,1,101,2024-11-25,20,11000.0
1583,5,102,2024-09-05,9,2700.0
1584,4,104,2024-07-09,13,3250.0
1585,1,109,2024-12-30,19,760.0
1586,1,109,2025-02-16,9,360.0
1587,4,107,2024-08-22,14,1680.0
1588,4,107,2025-06-03,18,2160.0
1589,1,105,2024-04-05,1,450.0
1590,5,104,2024-07-30,14,3500.0
1591,1,109,2024-08-07,5,200.0
1592,3,101,2025-07-16,3,1650.0
1593,1,108,2024-06-01,5,1250.0
1594,5,105,2024-02-04,6,2700.0
1595,5,102,2025-05-20,2,600.0
1596,5,104,2024-01-20,1,250.0
1597,3,109,2025-03-04,5,200.0
1598,4,101,2025-03-11,3,1650.0
1599,3,103,2024-11-05,8,1440.0
1600,2,108,2025-02-23,15,3750.0
1601,1,109,2025-06-16,10,400.0
1602,1,101,2024-03-09,2,1100.0
1603,1,103,2025-07-25,15,2700.0
1604,4,105,2025-04-12,12,5400.0
1605,5,103,2024-04-15,18,3240.0
1606,4,107,2024-11-07,6,720.0
1607,2,105,2025-06-06,3,1350.0
1608,4,103,2024-07-19,10,1800.0
1609,5,103,2024-04-24,6,1080.0
1610,2,107,2025-05-28,4,480.0
1611,5,104,2024-01-30,18,4500.0
1612,1,104,2024-08-18,10,2500.0
1613,2,102,2024-12-24,19,5700.0
1614,3,105,2024-04-23,5,2250.0
1615,4,102,2024-02-29,4,1200.0
1616,5,103,2024-02-26,9,1620.0
1617,3,104,2024-09-01,16,4000.0
1618,2,103,2024-03-12,18,3240.0
1619,4,110,2024-12-02,7,490.0
1620,3,107,2024-09-26,10,1200.0
1621,2,104,2025-04-27,4,1000.0
1622,1,107,2024-02-12,13,1560.0
1623,1,106,2024-12-23,19,950.0
1624,1,101,2025-06-14,13,7150.0
1625,5,104,2024-04-15,8,2000.0
1626,4,104,2025-07-02,18,4500.0
1627,1,105,2025-06-12,14,6300.0
1628,4,102,2025-07-02,5,1500.0
1629,2,107,2025-07-08,12,1440.0
1630,5,109,2024-02-03,13,520.0
1631,1,102,2025-01-13,7,2100.0
1632,2,104,2024-05-05,17,4250.0
1633,3,104,2025-03-20,20,5000.0
1634,2,101,2024-08-09,12,6600.0
1635,4,110,2024-07-04,17,1190.0
1636,2,103,2025-04-24,4,720.0
1637,5,105,2024-03-31,10,4500.0
1638,1,105,2024-01-03,19,8550.0
1639,1,101,2024-05-27,9,4950.0
1640,4,104,2024-12-02,2,500.0
1641,5,101,2025-06-13,18,9900.0
1642,5,108,2025-07-30,7,1750.0
1643,4,101,2024-09-23,19,10450.0
1644,5,101,2024-01-30,9,4950.0
1645,4,109,2024-12-16,20,800.0
1646,5,108,2024-09-23,20,5000.0
1647,2,109,2025-05-05,19,760.0
1648,1,102,2025-01-14,13,3900.0
1649,4,105,2025-01-03,19,8550.0
1650,2,103,2025-07-07,5,900.0
1651,2,108,2024-02-26,6,1500.0
1652,5,110,2024-07-11,2,140.0
1653,4,110,2024-06-26,13,910.0
1654,2,104,2024-07-20,7,1750.0
1655,1,109,2024-11-25,5,200.0
1656,1,106,2025-08-13,5,250.0
1657,4,107,2024-12-18,20,2400.0
1658,5,110,2025-07-27,9,630.0
1659,4,105,2024-08-09,3,1350.0
1660,5,106,2025-06-16,7,350.0
1661,2,102,2024-09-11,17,5100.0
1662,3,109,2024-07-19,10,400.0
1663,4,106,2024-03-28,20,1000.0
1664,2,107,2025-06-07,5,600.0
1665,4,108,2025-07-12,7,1750.0
1666,4,102,2025-03-03,17,5100.0
1667,1,102,2025-02-22,8,2400.0
1668,1,107,2025-05-21,17,2040.0
1669,4,101,2025-05-22,17,9350.0
1670,4,103,2024-10-30,8,1440.0
1671,2,106,2024-12-30,7,350.0
1672,4,102,2025-01-18,14,4200.0
1673,3,102,2024-12-02,19,5700.0
1674,2,104,2024-08-30,18,4500.0
1675,4,110,2025-01-04,3,210.0
1676,2,106,2024-12-07,11,550.0
1677,2,101,2024-03-06,2,1100.0
1678,1,106,2025-06-11,20,1000.0
1679,1,108,2024-12-08,6,1500.0
1680,4,103,2025-04-06,9,1620.0
1681,2,101,2024-04-09,2,1100.0
1682,5,106,2024-01-08,6,300.0
1683,3,105,2025-03-07,17,7650.0
1684,1,101,2024-03-08,6,3300.0
1685,3,109,2024-12-26,10,400.0
1686,5,105,2025-08-17,13,5850.0
1687,2,108,2024-03-18,19,4750.0
1688,3,104,2024-03-17,17,4250.0
1689,5,110,2024-06-16,5,350.0
1690,1,106,2024-07-15,5,250.0
1691,2,103,2025-01-04,1,180.0
1692,3,101,2025-06-29,13,7150.0
1693,2,106,2025-08-05,20,1000.0
1694,1,104,2024-04-26,6,1500.0
1695,3,108,2024-07-31,20,5000.0
1696,5,107,2024-11-16,20,2400.0
1697,1,110,2025-03-29,11,770.0
1698,5,110,2025-04-21,15,1050.0
1699,1,104,2024-11-06,19,4750.0
1700,4,104,2025-06-28,11,2750.0
1701,2,106,2024-10-19,18,900.0
1702,3,101,2024-09-03,18,9900.0
1703,4,102,2025-03-30,18,5400.0
1704,4,102,2024-05-11,4,1200.0
1705,4,108,2025-03-18,17,4250.0
1706,4,103,2024-03-19,4,720.0
1707,2,103,2024-10-04,2,360.0
1708,3,110,2024-07-06,10,700.0
1709,5,105,2025-06-25,13,5850.0
1710,4,101,2024-06-17,3,1650.0
1711,2,103,2024-09-06,12,2160.0
1712,2,101,2024-09-04,7,3850.0
1713,2,109,2024-08-25,3,120.0
1714,4,110,2025-06-17,20,1400.0
1715,2,105,2024-01-09,9,4050.0
1716,2,106,2024-01-13,5,250.0
1717,1,109,2025-04-03,14,560.0
1718,2,102,2025-04-04,3,900.0
1719,5,109,2024-11-13,11,440.0
1720,3,106,2024-12-18,1,50.0
1721,1,105,2025-07-18,15,6750.0
1722,1,109,2024-01-27,1,40.0
1723,5,106,2025-01-18,13,650.0
1724,1,105,2024-01-29,17,7650.0
1725,5,107,2024-11-23,13,1560.0
1726,3,106,2025-08-05,19,950.0
1727,1,109,2024-01-11,2,80.0
1728,2,103,2024-05-29,10,1800.0
1729,5,102,2025-07-21,6,1800.0
1730,5,108,2025-06-15,8,2000.0
1731,3,109,2025-05-16,1,40.0
1732,2,103,2025-07-14,8,1440.0
1733,4,107,2024-07-11,11,1320.0
1734,5,108,2025-06-04,17,4250.0
1735,5,110,2025-08-10,1,70.0
1736,2,110,2024-12-05,13,910.0
1737,5,101,2024-07-29,12,6600.0
1738,3,108,2025-03-15,13,3250.0
1739,3,108,2025-05-03,7,1750.0
1740,2,106,2025-03-03,17,850.0
1741,5,109,2025-03-06,8,320.0
1742,4,105,2024-11-26,16,7200.0
1743,1,104,2024-01-17,18,4500.0
1744,5,104,2024-10-31,1,250.0
1745,5,104,2024-04-17,16,4000.0
1746,3,102,2024-11-15,16,4800.0
1747,1,107,2025-06-08,6,720.0
1748,3,107,2024-02-03,2,240.0
1749,5,107,2024-08-17,11,1320.0
1750,1,110,2024-08-15,5,350.0
1751,5,104,2024-06-25,6,1500.0
1752,1,106,2025-05-12,18,900.0
1753,5,109,2024-03-09,10,400.0
1754,5,102,2025-01-30,20,6000.0
1755,2,103,2024-04-17,10,1800.0
1756,1,102,2024-11-24,11,3300.0
1757,3,101,2024-08-21,13,7150.0
1758,3,103,2024-01-12,19,3420.0
1759,2,105,2024-07-29,2,900.0
1760,4,106,2025-08-05,4,200.0
1761,1,105,2025-08-01,2,900.0
1762,5,109,2024-07-05,9,360.0
1763,5,102,2024-06-13,7,2100.0
1764,2,102,2025-07-01,18,5400.0
1765,5,107,2024-05-18,14,1680.0
1766,4,109,2024-10-06,10,400.0
1767,2,104,2025-06-14,9,2250.0
1768,5,105,2025-03-18,15,6750.0
1769,5,110,2024-05-10,12,840.0
1770,3,108,2024-12-30,16,4000.0
1771,2,101,2024-07-03,18,9900.0
1772,2,103,2024-12-18,13,2340.0
1773,5,101,2025-01-08,7,3850.0
1774,5,108,2025-03-01,7,1750.0
1775,4,108,2024-11-07,3,750.0
1776,2,104,2024-06-06,13,3250.0
1777,3,108,2025-01-15,3,750.0
1778,4,103,2025-05-21,16,2880.0
1779,2,108,2024-07-28,13,3250.0
1780,4,108,2024-03-26,5,1250.0
1781,1,110,2025-08-16,14,980.0
1782,3,104,2025-05-28,17,4250.0
1783,5,102,2025-03-09,7,2100.0
1784,4,107,2025-06-15,4,480.0
1785,2,107,2024-05-09,7,840.0
1786,4,107,2025-06-04,1,120.0
1787,2,109,2025-04-06,6,240.0
1788,4,101,2024-01-21,13,7150.0
1789,4,105,2024-08-19,6,2700.0
1790,3,107,2025-04-04,11,1320.0
1791,5,103,2024-11-13,8,1440.0
1792,4,105,2025-04-26,11,4950.0
1793,5,110,2025-03-18,18,1260.0
1794,4,102,2024-06-23,16,4800.0
1795,2,109,2024-03-11,14,560.0
1796,3,110,2025-06-27,1,70.0
1797,5,107,2024-10-31,3,360.0
1798,5,103,2024-12-22,12,2160.0
1799,2,107,2025-06-08,14,1680.0
1800,3,107,2024-01-23,2,240.0
1801,4,109,2024-12-15,19,760.0
1802,5,101,2024-05-23,16,8800.0
1803,3,109,2024-12-11,13,520.0
1804,3,107,2024-04-14,14,1680.0
1805,5,105,2024-09-02,17,7650.0
1806,1,105,2024-03-14,15,6750.0
1807,5,110,2025-07-03,2,140.0
1808,4,106,2025-04-28,16,800.0
1809,4,103,2024-02-14,14,2520.0
1810,1,109,2025-07-20,9,360.0
1811,4,103,2025-07-01,14,2520.0
1812,3,101,2025-06-19,2,1100.0
1813,3,105,2024-02-24,12,5400.0
1814,5,104,2025-03-02,1,250.0
1815,4,108,2024-01-20,1,250.0
1816,2,104,2024-11-22,20,5000.0
1817,3,101,2025-01-25,14,7700.0
1818,5,109,2024-06-29,3,120.0
1819,1,107,2024-02-19,18,2160.0
1820,5,103,2024-02-21,13,2340.0
1821,4,106,2024-12-02,6,300.0
1822,5,103,2024-03-26,14,2520.0
1823,3,106,2024-11-01,13,650.0
1824,5,104,2024-09-19,17,4250.0
1825,2,110,2024-09-18,6,420.0
1826,1,102,2024-07-03,4,1200.0
1827,4,110,2024-07-01,16,1120.0
1828,1,101,2024-09-09,20,11000.0
1829,2,110,2024-12-02,1,70.0
1830,4,104,2025-02-09,4,1000.0
1831,3,107,2025-07-17,18,2160.0
1832,2,109,2025-01-30,9,360.0
1833,2,110,2025-03-06,15,1050.0
1834,2,108,2025-04-21,8,2000.0
1835,5,101,2024-11-11,9,4950.0
1836,2,103,2024-08-15,8,1440.0
1837,5,108,2024-04-02,10,2500.0
1838,3,104,2024-01-19,1,250.0
1839,3,104,2024-09-03,8,2000.0
1840,2,108,2025-05-11,7,1750.0
1841,3,106,2024-11-12,6,300.0
1842,4,109,2024-01-23,6,240.0
1843,3,106,2025-04-20,3,150.0
1844,4,109,2025-06-05,1,40.0
1845,2,110,2024-04-11,4,280.0
1846,2,102,2024-10-03,4,1200.0
1847,4,107,2025-03-11,4,480.0
1848,3,109,2025-05-16,8,320.0
1849,3,110,2024-11-26,20,1400.0
1850,2,109,2025-04-20,7,280.0
1851,1,109,2024-11-15,4,160.0
1852,1,102,2024-06-27,14,4200.0
1853,1,102,2024-12-07,10,3000.0
1854,4,110,2024-07-18,11,770.0
1855,1,107,2024-04-02,10,1200.0
1856,4,109,2024-11-15,1,40.0
1857,2,104,2024-10-21,12,3000.0
1858,3,103,2025-07-29,18,3240.0
1859,4,106,2024-01-29,12,600.0
1860,5,106,2024-07-18,6,300.0
1861,2,104,2024-03-31,12,3000.0
1862,4,110,2025-01-04,12,840.0
1863,5,108,2025-08-05,16,4000.0
1864,5,105,2024-10-22,7,3150.0
1865,3,107,2025-08-04,20,2400.0
1866,1,101,2024-01-21,16,8800.0
1867,3,102,2024-01-08,5,1500.0
1868,1,101,2024-07-11,20,11000.0
1869,3,102,2024-08-25,18,5400.0
1870,5,109,2024-05-01,11,440.0
1871,2,108,2024-06-03,5,1250.0
1872,4,106,2024-05-27,1,50.0
1873,3,102,2025-02-21,16,4800.0
1874,5,104,2025-04-06,19,4750.0
1875,2,108,2025-01-20,5,1250.0
1876,4,105,2025-05-03,13,5850.0
1877,1,105,2025-05-05,6,2700.0
1878,2,107,2025-06-19,2,240.0
1879,4,107,2025-04-24,17,2040.0
1880,1,110,2025-07-23,1,70.0
1881,5,101,2024-05-10,20,11000.0
1882,4,102,2024-04-06,2,600.0
1883,3,101,2025-02-22,12,6600.0
1884,5,109,2025-02-22,16,640.0
1885,3,104,2024-07-28,7,1750.0
1886,3,108,2024-10-29,7,1750.0
1887,4,106,2024-01-21,4,200.0
1888,1,106,2025-07-19,5,250.0
1889,4,104,2025-06-10,10,2500.0
1890,2,106,2025-01-26,7,350.0
1891,4,110,2025-02-18,5,350.0
1892,5,106,2024-01-09,7,350.0
1893,2,104,2025-07-07,6,1500.0
1894,1,101,2024-03-10,4,2200.0
1895,1,101,2025-06-23,14,7700.0
1896,1,107,2024-08-02,13,1560.0
1897,5,110,2024-08-11,6,420.0
1898,2,105,2024-06-18,19,8550.0
1899,4,107,2025-01-04,17,2040.0
1900,1,101,2024-05-07,5,2750.0
1901,4,106,2024-01-06,9,450.0
1902,2,104,2025-01-30,4,1000.0
1903,1,107,2024-04-24,5,600.0
1904,4,105,2024-03-14,8,3600.0
1905,4,104,2024-12-01,3,750.0
1906,1,105,2024-11-22,10,4500.0
1907,4,109,2024-10-29,5,200.0
1908,4,102,2024-04-24,11,3300.0
1909,3,102,2025-06-03,11,3300.0
1910,3,105,2024-11-08,12,5400.0
1911,4,103,2024-06-05,11,1980.0
1912,4,105,2024-04-11,18,8100.0
1913,5,107,2024-12-25,3,360.0
1914,5,107,2024-12-29,8,960.0
1915,4,110,2024-12-08,8,560.0
1916,3,106,2024-04-07,20,1000.0
1917,5,107,2024-02-16,11,1320.0
1918,1,106,2024-03-23,18,900.0
1919,3,102,2024-04-17,1,300.0
1920,5,107,2024-08-11,19,2280.0
1921,3,108,2025-05-29,18,4500.0
1922,5,103,2025-08-11,8,1440.0
1923,3,109,2024-01-21,15,600.0
1924,4,109,2024-10-01,18,720.0
1925,3,103,2025-04-11,9,1620.0
1926,3,105,2024-10-10,11,4950.0
1927,3,109,2025-05-26,3,120.0
1928,5,107,2024-09-01,2,240.0
1929,3,103,2024-07-28,20,3600.0
1930,4,109,2024-07-09,13,520.0
1931,5,104,2025-03-22,11,2750.0
1932,5,110,2025-04-02,12,840.0
1933,1,103,2024-03-20,12,2160.0
1934,2,110,2024-04-16,10,700.0
1935,3,103,2025-08-14,19,3420.0
1936,5,107,2025-07-24,18,2160.0
1937,2,106,2024-10-04,6,300.0
1938,3,108,2024-03-10,4,1000.0
1939,5,106,2024-12-28,6,300.0
1940,2,109,2025-06-13,2,80.0
1941,3,101,2024-05-29,3,1650.0
1942,1,109,2024-03-31,9,360.0
1943,2,106,2024-11-09,8,400.0
1944,3,105,2024-05-10,19,8550.0
1945,2,101,2025-03-04,12,6600.0
1946,1,108,2024-11-02,7,1750.0
1947,5,107,2025-03-08,6,720.0
1948,5,101,2024-01-05,6,3300.0
1949,3,106,2024-12-27,20,1000.0
1950,4,105,2025-01-01,15,6750.0
1951,4,102,2024-10-11,17,5100.0
1952,1,107,2024-11-09,8,960.0
1953,5,109,2024-02-04,17,680.0
1954,3,101,2024-03-03,3,1650.0
1955,4,101,2025-01-07,16,8800.0
1956,4,104,2025-06-28,11,2750.0
1957,5,110,2025-08-06,17,1190.0
1958,2,103,2024-04-27,14,2520.0
1959,4,109,2025-01-31,16,640.0
1960,1,101,2024-01-30,20,11000.0
1961,2,107,2025-06-22,2,240.0
1962,2,106,2024-04-19,13,650.0
1963,3,103,2024-10-18,9,1620.0
1964,3,105,2024-05-12,15,6750.0
1965,4,105,2024-11-02,8,3600.0
1966,1,109,2024-11-30,20,800.0
1967,1,105,2024-06-24,1,450.0
1968,4,101,2024-08-02,10,5500.0
1969,4,105,2024-05-20,17,7650.0
1970,5,109,2025-01-04,19,760.0
1971,4,101,2025-02-13,1,550.0
1972,5,105,2024-10-22,14,6300.0
1973,2,110,2024-11-02,14,980.0
1974,4,106,2025-04-02,16,800.0
1975,1,106,2025-07-17,4,200.0
1976,4,108,2024-06-13,10,2500.0
1977,3,107,2024-09-28,14,1680.0
1978,4,103,2025-08-15,5,900.0
1979,4,103,2025-06-18,15,2700.0
1980,4,110,2024-10-05,18,1260.0
1981,1,106,2024-12-29,3,150.0
1982,3,109,2025-04-29,13,520.0
1983,3,103,2024-08-01,9,1620.0
1984,2,105,2024-03-28,5,2250.0
1985,1,104,2025-04-20,11,2750.0
1986,1,106,2024-08-10,20,1000.0
1987,4,106,2024-04-07,18,900.0
1988,2,107,2025-06-15,7,840.0
1989,1,109,2024-10-13,12,480.0
1990,5,105,2024-06-21,11,4950.0
1991,1,110,2024-02-08,4,280.0
1992,3,107,2024-04-19,1,120.0
1993,3,108,2024-07-28,11,2750.0
1994,2,110,2025-03-19,12,840.0
1995,5,106,2025-02-01,2,100.0
1996,1,102,2024-07-19,4,1200.0
1997,5,108,2025-04-24,3,750.0
1998,2,107,2025-02-03,9,1080.0
1999,4,108,2024-04-19,6,1500.0
2000,2,104,2024-07-13,14,3500.0
